,City,Lat,Lng,Max Temp,Humidity,Cloudiness,Wind Speed,Country,Date
0,mount isa,-20.7333,139.5,84.2,28.0,75.0,4.61,AU,1614525787.0
1,zaysan,47.4667,84.8667,9.88,90.0,100.0,0.92,KZ,1614525787.0
2,punta arenas,-53.15,-70.9167,62.6,67.0,75.0,18.41,CL,1614525516.0
3,mataura,-46.1927,168.8643,60.01,95.0,93.0,3.0,NZ,1614525788.0
4,lebu,-37.6167,-73.65,63.32,71.0,0.0,17.85,CL,1614525788.0
5,mahebourg,-20.4081,57.7,80.6,74.0,75.0,8.05,MU,1614525788.0
6,nhulunbuy,-12.2333,136.7667,82.4,83.0,40.0,8.05,AU,1614525789.0
7,hobart,-42.8794,147.3294,62.6,77.0,90.0,0.58,AU,1614525550.0
8,montemor-o-novo,38.6481,-8.2145,71.01,59.0,40.0,2.3,PT,1614525789.0
9,busselton,-33.65,115.3333,64.99,76.0,100.0,1.99,AU,1614525790.0
10,sault sainte marie,46.5168,-84.3333,30.2,93.0,90.0,11.5,CA,1614525790.0
11,ushuaia,-54.8,-68.3,50.0,87.0,75.0,25.32,AR,1614525663.0
12,pinsk,52.1229,26.0951,37.8,87.0,100.0,15.57,BY,1614525790.0
13,saint marys,30.7305,-81.5465,75.2,94.0,90.0,9.22,US,1614525761.0
14,cape town,-33.9258,18.4232,91.0,51.0,0.0,16.11,ZA,1614525791.0
15,kapaa,22.0752,-159.319,69.8,83.0,90.0,20.71,US,1614525791.0
16,mahibadhoo,3.7833,72.9667,82.51,65.0,91.0,5.91,MV,1614525674.0
17,narsaq,60.9167,-46.05,26.6,39.0,75.0,3.44,GL,1614525792.0
18,atuona,-9.8,-139.0333,79.61,80.0,22.0,18.52,PF,1614525792.0
19,albany,42.6001,-73.9662,39.0,60.0,100.0,4.03,US,1614525600.0
20,new norfolk,-42.7826,147.0587,61.0,74.0,100.0,1.01,AU,1614525793.0
21,tasiilaq,65.6145,-37.6368,21.2,86.0,20.0,3.44,GL,1614525794.0
22,tiksi,71.6872,128.8694,-30.59,85.0,99.0,2.91,RU,1614525794.0
23,provideniya,64.3833,-173.3,-12.39,83.0,2.0,5.23,RU,1614525795.0
24,semey,50.4111,80.2275,23.79,97.0,100.0,24.11,KZ,1614525795.0
25,helena,46.5927,-112.0361,28.4,43.0,75.0,14.97,US,1614525568.0
26,kavieng,-2.5744,150.7967,82.78,72.0,100.0,4.32,PG,1614525796.0
27,margate,51.3813,1.3862,51.01,70.0,0.0,3.0,GB,1614525796.0
28,hasaki,35.7333,140.8333,39.2,87.0,20.0,2.3,JP,1614525797.0
29,labuhan,-6.8844,112.2051,79.21,80.0,96.0,3.65,ID,1614525797.0
30,tuatapere,-46.1333,167.6833,60.01,95.0,85.0,3.0,NZ,1614525798.0
31,kaitangata,-46.2817,169.8464,57.54,94.0,85.0,5.73,NZ,1614525798.0
32,airai,-8.9266,125.4092,59.7,100.0,100.0,0.4,TL,1614525799.0
33,cidreira,-30.1811,-50.2056,76.17,75.0,87.0,17.83,BR,1614525799.0
34,hirara,24.8,125.2833,69.73,75.0,40.0,3.06,JP,1614525800.0
35,fengcheng,40.4536,124.0717,34.72,88.0,100.0,7.36,CN,1614525800.0
36,chanika,-5.4167,38.0167,77.22,80.0,100.0,8.12,TZ,1614525800.0
37,port alfred,-33.5906,26.891,73.0,84.0,5.0,8.99,ZA,1614525800.0
38,la primavera,5.4906,-70.4092,87.1,45.0,6.0,14.72,CO,1614525801.0
39,port elizabeth,-33.918,25.5701,75.2,78.0,0.0,19.57,ZA,1614525801.0
40,egvekinot,66.3167,-179.1667,-19.21,85.0,0.0,7.45,RU,1614525801.0
41,khatanga,71.9667,102.5,-28.25,86.0,100.0,2.24,RU,1614525802.0
42,grand gaube,-20.0064,57.6608,81.0,74.0,21.0,5.99,MU,1614525802.0
43,sao joao da barra,-21.6403,-41.0511,84.2,61.0,20.0,9.22,BR,1614525802.0
44,rikitea,-23.1203,-134.9692,77.56,71.0,94.0,9.78,PF,1614525803.0
45,teguldet,57.3064,88.1667,-14.37,89.0,10.0,1.88,RU,1614525803.0
46,east london,-33.0153,27.9116,75.2,69.0,0.0,20.71,ZA,1614525742.0
47,vaini,-21.2,-175.2,71.6,94.0,75.0,9.19,TO,1614525804.0
48,hukeri,16.2333,74.6,78.8,25.0,20.0,4.61,IN,1614525805.0
49,chuy,-33.6971,-53.4616,78.19,62.0,58.0,14.27,UY,1614525805.0
50,sinnamary,5.3833,-52.95,78.66,82.0,93.0,12.88,GF,1614525806.0
51,qaanaaq,77.484,-69.3632,1.51,87.0,99.0,1.66,GL,1614525806.0
52,yellowknife,62.456,-114.3525,-40.0,66.0,20.0,2.3,CA,1614525633.0
53,metro,-5.1131,105.3067,77.09,89.0,95.0,3.47,ID,1614525807.0
54,hambantota,6.1241,81.1185,77.0,94.0,0.0,3.44,LK,1614525807.0
55,lundazi,-12.2929,33.1782,74.07,86.0,69.0,3.76,ZM,1614525808.0
56,longyearbyen,78.2186,15.6401,14.0,67.0,0.0,21.85,SJ,1614525808.0
57,ajaccio,42.0,8.9167,59.0,77.0,0.0,9.22,FR,1614525808.0
58,arraial do cabo,-22.9661,-42.0278,82.4,65.0,40.0,18.41,BR,1614525809.0
59,avarua,-21.2078,-159.775,77.0,88.0,39.0,3.44,CK,1614525809.0
60,suhbaatar,50.2314,106.2078,-7.11,90.0,16.0,1.1,MN,1614525809.0
61,bosaso,11.2842,49.1816,80.6,78.0,0.0,14.97,SO,1614525810.0
62,cherskiy,68.75,161.3,-21.41,82.0,0.0,3.2,RU,1614525810.0
63,klaksvik,62.2266,-6.589,46.4,100.0,90.0,12.66,FO,1614525811.0
64,grootfontein,-19.5667,18.1167,76.28,52.0,3.0,11.95,NA,1614525811.0
65,nikolskoye,59.7035,30.7861,35.6,87.0,90.0,6.71,RU,1614525811.0
66,westport,41.1415,-73.3579,41.0,81.0,1.0,6.91,US,1614525812.0
67,olafsvik,64.8945,-23.7142,38.75,74.0,100.0,39.88,IS,1614525812.0
68,trairi,-3.2778,-39.2689,86.47,60.0,7.0,11.43,BR,1614525813.0
69,kyra,49.5776,111.9753,-3.75,88.0,94.0,2.55,RU,1614525813.0
70,castro,-24.7911,-50.0119,72.23,73.0,94.0,6.06,BR,1614525813.0
71,ribeira grande,38.5167,-28.7,57.2,88.0,75.0,17.27,PT,1614525814.0
72,college,64.8569,-147.8028,-0.4,71.0,90.0,4.61,US,1614525814.0
73,fairbanks,64.8378,-147.7164,-0.4,78.0,90.0,9.22,US,1614525515.0
74,saint george,37.1041,-113.5841,37.0,35.0,1.0,6.02,US,1614525681.0
75,sambava,-14.2667,50.1667,81.09,80.0,51.0,4.29,MG,1614525815.0
76,viedma,-40.8135,-62.9967,90.07,26.0,93.0,16.33,AR,1614525625.0
77,porto velho,-8.7619,-63.9039,80.6,83.0,75.0,3.44,BR,1614525815.0
78,soyo,-6.1349,12.3689,87.8,70.0,40.0,8.05,AO,1614525815.0
79,bani,18.2833,-70.3333,77.0,88.0,75.0,9.22,DO,1614525816.0
80,coquimbo,-29.9533,-71.3436,60.8,94.0,90.0,5.75,CL,1614525644.0
81,hilo,19.7297,-155.09,68.0,88.0,90.0,4.61,US,1614525167.0
82,constitucion,-35.3333,-72.4167,71.26,50.0,0.0,14.34,CL,1614525817.0
83,zhangye,38.9342,100.4517,27.46,93.0,100.0,4.76,CN,1614525817.0
84,koubia,11.5833,-11.9,85.57,14.0,72.0,6.93,GN,1614525818.0
85,kangaatsiaq,68.3065,-53.4641,9.3,72.0,100.0,9.55,GL,1614525818.0
86,lagoa,39.05,-27.9833,56.55,78.0,100.0,15.59,PT,1614525818.0
87,washougal,45.5826,-122.3534,44.6,76.0,90.0,2.91,US,1614525819.0
88,ancud,-41.8697,-73.8203,64.4,72.0,20.0,9.22,CL,1614525819.0
89,almaznyy,48.0448,40.045,41.0,75.0,40.0,4.47,RU,1614525819.0
90,golden,39.7555,-105.2211,26.01,42.0,40.0,4.7,US,1614525754.0
91,puerto ayora,-0.7393,-90.3518,82.4,78.0,20.0,3.44,EC,1614525820.0
92,traralgon,-38.1833,146.5333,59.0,92.0,0.0,1.3,AU,1614525820.0
93,georgetown,5.4112,100.3354,84.2,70.0,20.0,8.05,MY,1614525706.0
94,ilulissat,69.2167,-51.1,12.2,57.0,75.0,11.5,GL,1614525820.0
95,bluff,-46.6,168.3333,60.01,95.0,47.0,3.0,NZ,1614525821.0
96,isangel,-19.55,169.2667,76.19,82.0,81.0,8.05,VU,1614525821.0
97,zambezi,-13.5432,23.1047,74.68,84.0,97.0,6.4,ZM,1614525822.0
98,nuuk,64.1835,-51.7216,23.0,93.0,90.0,10.36,GL,1614525822.0
99,ballina,-28.8667,153.5667,75.2,88.0,40.0,4.61,AU,1614525823.0
100,athy,52.9914,-6.9803,52.0,68.0,0.0,4.0,IE,1614525823.0
101,illela,13.7292,5.2975,98.58,6.0,0.0,13.53,NG,1614525823.0
102,beringovskiy,63.05,179.3167,-22.18,96.0,75.0,10.09,RU,1614525823.0
103,boyolangu,-8.1181,111.8935,77.05,82.0,80.0,2.19,ID,1614525824.0
104,oranjemund,-28.55,16.4333,70.66,71.0,24.0,7.36,NA,1614525824.0
105,bambous virieux,-20.3428,57.7575,81.0,74.0,75.0,8.05,MU,1614525824.0
106,san patricio,28.017,-97.5169,73.0,94.0,90.0,14.97,US,1614525825.0
107,jamestown,42.097,-79.2353,41.0,81.0,90.0,12.15,US,1614525825.0
108,galveston,29.3669,-94.9669,72.0,88.0,90.0,5.75,US,1614525356.0
109,nara,34.6851,135.8049,48.99,70.0,14.0,4.61,JP,1614525826.0
110,mattru,7.6244,-11.8332,91.85,46.0,53.0,5.91,SL,1614525827.0
111,batemans bay,-35.7167,150.1833,61.0,94.0,10.0,3.58,AU,1614525827.0
112,severo-kurilsk,50.6789,156.125,23.54,92.0,97.0,25.72,RU,1614525827.0
113,humenne,48.9371,21.9163,46.99,48.0,3.0,4.03,SK,1614525571.0
114,thompson,55.7435,-97.8558,-16.6,69.0,75.0,13.8,CA,1614525722.0
115,sussex,41.1834,-74.6663,39.0,87.0,75.0,4.21,US,1614525794.0
116,gazli,40.1333,63.45,47.7,26.0,93.0,8.84,UZ,1614525828.0
117,butaritari,3.0707,172.7902,80.28,83.0,55.0,10.4,KI,1614525829.0
118,gamba,-2.65,10.0,84.96,71.0,9.0,11.48,GA,1614525829.0
119,porto novo,6.4965,2.6036,89.6,66.0,20.0,13.8,BJ,1614525666.0
120,barrow,71.2906,-156.7887,-7.6,77.0,90.0,9.22,US,1614525829.0
121,nemuro,43.3236,145.575,33.57,74.0,17.0,19.33,JP,1614525830.0
122,wanning,18.8003,110.3967,71.19,92.0,45.0,3.94,CN,1614525830.0
123,cam ranh,11.9214,109.1591,78.8,89.0,20.0,2.3,VN,1614525830.0
124,hermanus,-34.4187,19.2345,82.99,61.0,0.0,10.0,ZA,1614525831.0
125,ugoofaaru,5.6667,73.0,83.35,70.0,37.0,4.27,MV,1614525674.0
126,hithadhoo,-0.6,73.0833,83.03,62.0,23.0,5.84,MV,1614525831.0
127,lufkin,31.3382,-94.7291,71.6,94.0,90.0,10.36,US,1614525602.0
128,praya,14.9215,-23.5087,73.4,46.0,20.0,26.46,CV,1614525832.0
129,dikson,73.5069,80.5464,-16.96,87.0,100.0,20.18,RU,1614525832.0
130,champerico,14.3,-91.9167,82.4,74.0,40.0,1.41,GT,1614525833.0
131,luderitz,-26.6481,15.1594,72.12,67.0,4.0,7.11,NA,1614525781.0
132,lakes entrance,-37.8811,147.981,55.0,92.0,0.0,5.75,AU,1614525833.0
133,mogadishu,2.0371,45.3438,82.4,65.0,0.0,14.97,SO,1614525834.0
134,sandy bay,-42.913,147.3532,62.6,77.0,90.0,1.03,AU,1614525834.0
135,maniitsoq,65.4167,-52.9,18.66,97.0,100.0,9.53,GL,1614525834.0
136,upernavik,72.7868,-56.1549,1.65,86.0,9.0,5.77,GL,1614525835.0
137,bima,-8.4667,118.7167,75.65,86.0,72.0,3.15,ID,1614525835.0
138,penzance,50.1186,-5.5371,52.0,71.0,3.0,24.16,GB,1614525836.0
139,alofi,-19.0595,-169.9187,78.8,83.0,100.0,17.27,NU,1614525622.0
140,san juan,-31.5375,-68.5364,87.85,35.0,0.0,10.65,AR,1614525604.0
141,port lincoln,-34.7333,135.8667,61.72,77.0,6.0,15.9,AU,1614525837.0
142,tautira,-17.7333,-149.15,77.0,88.0,75.0,4.61,PF,1614525837.0
143,orchard homes,46.8633,-114.0484,21.99,93.0,90.0,3.24,US,1614525837.0
144,hofn,64.2539,-15.2082,41.0,65.0,75.0,26.46,IS,1614525838.0
145,cassilandia,-19.1133,-51.7342,80.8,66.0,54.0,9.1,BR,1614525684.0
146,san cristobal,7.7669,-72.225,75.2,94.0,75.0,6.91,VE,1614525838.0
147,cabo san lucas,22.8909,-109.9124,69.8,37.0,75.0,9.08,MX,1614525607.0
148,nishihara,26.1842,127.7558,69.8,77.0,75.0,14.97,JP,1614525839.0
149,olinda,-8.0089,-34.8553,80.6,65.0,40.0,6.91,BR,1614525839.0
150,aykhal,66.0,111.5,-39.84,78.0,16.0,3.13,RU,1614525567.0
151,cascais,38.6979,-9.4215,63.0,77.0,20.0,9.22,PT,1614525839.0
152,cartagena,10.3997,-75.5144,84.2,70.0,0.0,4.61,CO,1614525696.0
153,kropotkin,45.4375,40.5756,38.91,90.0,100.0,6.38,RU,1614525840.0
154,mitsamiouli,-11.3847,43.2844,86.0,74.0,40.0,5.75,KM,1614525841.0
155,hamilton,39.1834,-84.5333,55.0,94.0,90.0,9.22,US,1614525841.0
156,esperance,-33.8667,121.9,60.8,82.0,100.0,9.22,AU,1614525841.0
157,asau,46.4333,26.4,44.01,37.0,38.0,2.82,RO,1614525841.0
158,kismayo,-0.3582,42.5454,79.56,79.0,45.0,18.1,SO,1614525842.0
159,clyde river,70.4692,-68.5914,-27.4,68.0,90.0,4.61,CA,1614525842.0
160,vesele,47.0148,34.915,37.78,82.0,95.0,9.48,UA,1614525843.0
161,dongkan,33.9997,119.8308,50.88,97.0,100.0,7.45,CN,1614525843.0
162,victoria,22.2855,114.1577,69.01,87.0,82.0,9.26,HK,1614525619.0
163,saldanha,-33.0117,17.9442,96.8,17.0,0.0,14.97,ZA,1614525615.0
164,caravelas,-17.7125,-39.2481,83.55,63.0,99.0,6.35,BR,1614525844.0
165,belaya gora,68.5333,146.4167,-34.94,84.0,31.0,0.54,RU,1614525844.0
166,vestmannaeyjar,63.4427,-20.2734,39.2,70.0,40.0,29.93,IS,1614525845.0
167,chokurdakh,70.6333,147.9167,-29.81,99.0,0.0,1.45,RU,1614525845.0
168,conakry,9.538,-13.6773,87.8,58.0,40.0,11.5,GN,1614525845.0
169,denia,38.8408,0.1057,57.99,75.0,59.0,8.01,ES,1614525845.0
170,namatanai,-3.6667,152.4333,78.82,81.0,100.0,0.72,PG,1614525846.0
171,husavik,66.0449,-17.3389,41.0,42.0,40.0,33.38,IS,1614525846.0
172,phon,15.816,102.5998,82.0,99.0,75.0,6.35,TH,1614525847.0
173,batagay-alyta,67.8006,130.4114,-31.18,83.0,2.0,0.56,RU,1614525847.0
174,daru,-9.0763,143.2092,80.02,84.0,100.0,10.25,PG,1614525848.0
175,barahona,18.2085,-71.1008,82.4,65.0,20.0,20.71,DO,1614525743.0
176,kloulklubed,7.0419,134.2556,78.8,94.0,90.0,9.22,PW,1614525848.0
177,saint andrews,34.0454,-81.1293,75.0,68.0,40.0,9.22,US,1614525849.0
178,ulladulla,-35.35,150.4667,68.0,83.0,90.0,1.14,AU,1614525849.0
179,raudeberg,61.9875,5.1352,46.0,78.0,84.0,27.04,NO,1614525850.0
180,nome,64.5011,-165.4064,-14.8,58.0,1.0,14.97,US,1614525850.0
181,dickinson,29.4608,-95.0513,72.0,100.0,90.0,8.05,US,1614525615.0
182,lidkoping,58.5052,13.1577,51.01,62.0,0.0,9.22,SE,1614525799.0
183,chima,30.6854,76.0863,64.45,25.0,0.0,5.46,IN,1614525851.0
184,half moon bay,37.4636,-122.4286,48.0,87.0,1.0,12.66,US,1614525851.0
185,portland,45.5234,-122.6762,44.6,76.0,90.0,8.05,US,1614525641.0
186,kahului,20.8947,-156.47,69.8,83.0,20.0,14.97,US,1614525643.0
187,znamenskoye,57.1281,73.8282,-4.18,91.0,93.0,9.08,RU,1614525852.0
188,marsh harbour,26.5412,-77.0636,76.46,74.0,0.0,19.77,BS,1614525853.0
189,bud,39.447,-86.1758,53.01,100.0,100.0,10.51,US,1614525853.0
190,ponta do sol,32.6667,-17.1,64.99,63.0,40.0,14.97,PT,1614525853.0
191,vila franca do campo,37.7167,-25.4333,60.8,82.0,20.0,12.66,PT,1614525854.0
192,excelsior springs,39.3392,-94.2261,45.0,65.0,1.0,12.66,US,1614525854.0
193,caico,-6.4583,-37.0978,91.06,42.0,29.0,10.25,BR,1614525855.0
194,denpasar,-8.65,115.2167,78.8,89.0,40.0,1.14,ID,1614525855.0
195,bengkulu,-3.8004,102.2655,78.37,83.0,100.0,4.59,ID,1614525855.0
196,vardo,70.3705,31.1107,37.4,75.0,75.0,17.27,NO,1614525856.0
197,santa cruz,-17.8,-63.1667,87.8,58.0,75.0,8.05,BO,1614525856.0
198,talnakh,69.4865,88.3972,-33.23,79.0,6.0,7.74,RU,1614525857.0
199,auxerre,47.8,3.5667,52.0,53.0,0.0,10.65,FR,1614525858.0
200,awjilah,29.1081,21.2869,69.53,34.0,0.0,11.25,LY,1614525858.0
201,gat,31.61,34.7642,64.0,35.0,1.0,9.13,IL,1614525791.0
202,zhangjiakou,40.81,114.8794,34.57,86.0,100.0,2.24,CN,1614525859.0
203,saskylakh,71.9167,114.0833,-22.95,81.0,100.0,6.89,RU,1614525860.0
204,karratha,-20.7377,116.8463,82.08,69.0,0.0,15.46,AU,1614525860.0
205,corinto,37.9407,22.9573,55.99,57.0,69.0,11.01,GR,1614525861.0
206,sarangani,5.4033,125.4636,83.01,76.0,5.0,17.56,PH,1614525794.0
207,panaba,21.2833,-88.2667,81.9,60.0,0.0,15.52,MX,1614525861.0
208,taoudenni,22.6783,-3.9836,86.43,11.0,0.0,7.23,ML,1614525671.0
209,codrington,-38.2667,141.9667,56.14,90.0,40.0,6.85,AU,1614525861.0
210,fortuna,40.5982,-124.1573,37.99,100.0,1.0,3.49,US,1614525862.0
211,comodoro rivadavia,-45.8667,-67.5,75.2,35.0,0.0,21.85,AR,1614525862.0
212,maun,-19.9833,23.4167,78.8,61.0,75.0,10.36,BW,1614525863.0
213,santa maria,-29.6842,-53.8069,80.6,69.0,75.0,14.97,BR,1614525863.0
214,saint anthony,45.0205,-93.218,33.01,93.0,90.0,13.8,US,1614525794.0
215,oranjestad,12.524,-70.027,82.4,69.0,20.0,23.02,AW,1614525863.0
216,sibu,2.3,111.8167,78.8,89.0,40.0,3.44,MY,1614525632.0
217,flin flon,54.7682,-101.865,-14.8,70.0,1.0,12.66,CA,1614525864.0
218,sioux lookout,50.1001,-91.917,-0.4,85.0,90.0,6.91,CA,1614525864.0
219,north myrtle beach,33.816,-78.68,73.0,100.0,90.0,10.36,US,1614525865.0
220,lompoc,34.6391,-120.4579,44.01,65.0,1.0,6.91,US,1614525865.0
221,algeciras,36.1333,-5.4505,60.8,72.0,90.0,28.77,ES,1614525865.0
222,vanimo,-2.6741,141.3028,78.89,85.0,100.0,6.22,PG,1614525866.0
223,makrinitsa,39.4,22.9833,48.2,93.0,75.0,5.75,GR,1614525866.0
224,lakatoro,-16.0999,167.4164,78.44,80.0,96.0,7.18,VU,1614525866.0
225,cockburn town,21.4612,-71.1419,77.13,76.0,25.0,26.96,TC,1614525867.0
226,kabalo,-6.05,26.9167,86.43,69.0,0.0,2.04,CD,1614525868.0
227,praia,14.9215,-23.5087,73.4,46.0,20.0,26.46,CV,1614525868.0
228,kruisfontein,-34.0033,24.7314,79.0,69.0,32.0,10.0,ZA,1614525869.0
229,muros,42.7762,-9.0603,66.0,43.0,0.0,5.99,ES,1614525869.0
230,mitchell,43.7094,-98.0298,17.6,73.0,40.0,17.27,US,1614525870.0
231,bethel,41.3712,-73.414,39.99,75.0,1.0,3.49,US,1614525769.0
232,sechura,-5.5569,-80.8222,80.4,55.0,95.0,6.53,PE,1614525870.0
233,xichang,27.8964,102.2634,54.79,56.0,42.0,2.04,CN,1614525871.0
234,osoyoos,49.0331,-119.4524,37.4,48.0,90.0,18.41,CA,1614525871.0
235,sohbatpur,28.5202,68.5434,69.53,11.0,0.0,7.7,PK,1614525871.0
236,kutum,14.2,24.6667,85.28,13.0,0.0,12.26,SD,1614525872.0
237,quatre cocos,-20.2078,57.7625,81.0,74.0,75.0,8.05,MU,1614525872.0
238,ibiruba,-28.6275,-53.0897,79.5,58.0,0.0,9.78,BR,1614525873.0
239,fergus falls,46.283,-96.0776,8.01,72.0,1.0,14.97,US,1614525873.0
240,dossor,47.5272,52.9811,25.7,72.0,0.0,10.76,KZ,1614525874.0
241,aklavik,68.2191,-135.0107,-38.2,74.0,1.0,3.62,CA,1614525874.0
242,miramar,25.9873,-80.2323,82.0,65.0,40.0,16.11,US,1614525874.0
243,port keats,-14.25,129.55,81.99,78.0,77.0,7.63,AU,1614525875.0
244,sitka,57.0531,-135.33,42.8,81.0,90.0,12.66,US,1614525875.0
245,marzuq,14.4,46.4667,72.41,36.0,0.0,12.08,YE,1614525876.0
246,torbay,47.6666,-52.7314,28.99,100.0,90.0,25.32,CA,1614525876.0
247,coahuayana,18.7333,-103.6833,77.0,47.0,1.0,0.76,MX,1614525876.0
248,salinopolis,-0.6136,-47.3561,81.63,83.0,19.0,9.69,BR,1614525877.0
249,narnaund,29.2167,76.15,67.78,23.0,0.0,7.38,IN,1614525877.0
250,svetlaya,46.5389,138.3297,25.88,91.0,100.0,9.24,RU,1614525878.0
251,kodiak,57.79,-152.4072,26.6,50.0,75.0,31.07,US,1614525714.0
252,bowen,-20.0167,148.2333,80.6,83.0,75.0,18.41,AU,1614525879.0
253,the pas,53.8251,-101.2541,-9.4,70.0,1.0,12.66,CA,1614525879.0
254,tuy hoa,13.0833,109.3,75.24,91.0,74.0,3.15,VN,1614525879.0
255,kikwit,-5.041,18.8162,87.26,53.0,98.0,3.96,CD,1614525782.0
256,myitkyina,25.3833,97.4,67.77,60.0,14.0,2.55,MM,1614525880.0
257,sao sebastiao,-23.76,-45.4097,82.81,65.0,100.0,3.22,BR,1614525652.0
258,poum,-20.2333,164.0167,80.02,74.0,75.0,13.87,NC,1614525881.0
259,beloha,-25.1667,45.05,77.4,80.0,95.0,15.26,MG,1614525881.0
260,pachino,36.7186,15.0907,62.6,67.0,20.0,10.36,IT,1614525881.0
261,ozinki,51.1786,49.6769,3.47,93.0,67.0,9.17,RU,1614525882.0
262,kununurra,-15.7667,128.7333,77.0,55.0,14.0,1.14,AU,1614525726.0
263,havre-saint-pierre,50.2334,-63.5986,33.8,64.0,1.0,10.36,CA,1614525882.0
264,tongliao,43.6125,122.2653,18.86,58.0,100.0,13.71,CN,1614525882.0
265,saint-augustin,51.226,-58.6502,30.42,97.0,100.0,10.58,CA,1614525883.0
266,teruel,40.6667,-0.6667,46.4,76.0,90.0,18.41,ES,1614525883.0
267,port macquarie,-31.4333,152.9167,70.0,99.0,24.0,3.47,AU,1614525884.0
268,sao filipe,14.8961,-24.4956,69.06,69.0,0.0,13.78,CV,1614525884.0
269,rio gallegos,-51.6226,-69.2181,60.8,67.0,90.0,6.91,AR,1614525688.0
270,herzberg,51.6869,13.2202,46.0,81.0,75.0,8.05,DE,1614525884.0
271,chipinge,-20.1883,32.6236,60.55,93.0,96.0,4.21,ZW,1614525885.0
272,khonsa,27.0167,95.5667,57.9,77.0,44.0,4.09,IN,1614525885.0
273,the valley,18.217,-63.0578,80.6,69.0,40.0,18.41,AI,1614525874.0
274,norman wells,65.282,-126.8329,-14.8,64.0,20.0,21.85,CA,1614525886.0
275,carnarvon,-24.8667,113.6333,75.2,73.0,40.0,9.22,AU,1614525887.0
276,catamarca,-28.4696,-65.7852,87.01,64.0,8.0,8.05,AR,1614525764.0
277,yilan,24.757,121.753,62.01,99.0,52.0,1.3,TW,1614525887.0
278,petropavlovsk-kamchatskiy,53.0452,158.6483,21.2,53.0,48.0,8.95,RU,1614525888.0
279,tuktoyaktuk,69.4541,-133.0374,-34.6,67.0,1.0,9.22,CA,1614525888.0
280,lorengau,-2.0226,147.2712,82.02,79.0,98.0,6.91,PG,1614525888.0
281,port hardy,50.6996,-127.4199,41.0,93.0,90.0,18.41,CA,1614525889.0
282,jalu,29.0331,21.5482,69.94,33.0,0.0,12.08,LY,1614525889.0
283,luwuk,-0.9516,122.7875,79.48,67.0,100.0,5.53,ID,1614525889.0
284,catemaco,18.4167,-95.1167,78.8,83.0,1.0,3.58,MX,1614525890.0
285,tiznit,29.5833,-9.5,60.93,53.0,9.0,10.45,MA,1614525890.0
286,hommelvik,63.4108,10.7942,46.4,66.0,75.0,5.75,NO,1614525891.0
287,ambulu,-8.345,113.6058,76.95,82.0,65.0,3.02,ID,1614525891.0
288,yar-sale,66.8333,70.8333,-13.23,94.0,64.0,11.77,RU,1614525892.0
289,namwala,-15.7504,26.4384,71.89,85.0,37.0,9.82,ZM,1614525892.0
290,bonavista,48.6499,-53.1147,28.99,93.0,100.0,6.91,CA,1614525892.0
291,zamora,-4.0692,-78.9567,71.6,73.0,75.0,6.91,EC,1614525892.0
292,popondetta,-8.7537,148.2534,75.43,88.0,100.0,1.99,PG,1614525893.0
293,brandon,27.9378,-82.2859,80.6,61.0,1.0,12.66,US,1614525893.0
294,kenora,49.8167,-94.4337,-4.0,77.0,75.0,3.44,CA,1614525886.0
295,erzin,36.9559,36.2,62.01,68.0,0.0,7.0,TR,1614525894.0
296,andradina,-20.8961,-51.3794,80.62,69.0,37.0,9.91,BR,1614525894.0
297,lilongwe,-13.9669,33.7873,73.63,78.0,100.0,5.61,MW,1614525895.0
298,grindavik,63.8424,-22.4338,39.2,75.0,40.0,37.98,IS,1614525895.0
299,teguise,29.0605,-13.564,69.8,49.0,40.0,16.11,ES,1614525895.0
300,palmer,42.1584,-72.3287,39.0,81.0,90.0,1.92,US,1614525896.0
301,itigi,-5.7,34.4833,70.81,87.0,100.0,2.48,TZ,1614525896.0
302,whitehorse,60.7161,-135.0538,26.6,93.0,90.0,23.02,CA,1614525896.0
303,kargopol,61.5071,38.9456,25.93,90.0,100.0,3.51,RU,1614525896.0
304,noumea,-22.2763,166.4572,79.0,83.0,0.0,8.66,NC,1614525897.0
305,jian,27.1172,114.9793,54.36,94.0,11.0,1.88,CN,1614525897.0
306,payyannur,12.1,75.2,79.72,83.0,34.0,2.89,IN,1614525897.0
307,qui nhon,13.7667,109.2333,76.12,92.0,100.0,4.74,VN,1614525897.0
308,meulaboh,4.1363,96.1285,78.78,83.0,42.0,3.74,ID,1614525898.0
309,souillac,-20.5167,57.5167,80.6,74.0,75.0,8.05,MU,1614525898.0
310,bredasdorp,-34.5322,20.0403,78.8,61.0,0.0,25.32,ZA,1614525898.0
311,morondava,-20.2833,44.2833,83.93,74.0,100.0,5.84,MG,1614525899.0
312,godim,41.171,-7.803,66.0,40.0,0.0,2.8,PT,1614525899.0
313,mar del plata,-38.0023,-57.5575,78.8,65.0,40.0,16.11,AR,1614525747.0
314,lichuan,30.3,108.85,41.95,95.0,100.0,1.12,CN,1614525900.0
315,celestun,20.8667,-90.4,78.6,70.0,1.0,13.42,MX,1614525900.0
316,bandarbeyla,9.4942,50.8122,77.68,74.0,53.0,13.44,SO,1614525900.0
317,ayia marina,37.75,23.5333,57.0,50.0,64.0,8.99,GR,1614525900.0
318,rio negrinho,-26.2544,-49.5183,62.01,97.0,72.0,3.0,BR,1614525901.0
319,katherine,-14.4667,132.2667,78.8,78.0,81.0,3.65,AU,1614525902.0
320,tomatlan,19.9333,-105.25,75.96,48.0,0.0,0.89,MX,1614525902.0
321,iqaluit,63.7506,-68.5145,-16.6,52.0,75.0,4.61,CA,1614525902.0
322,ankazoabo,-22.2833,44.5167,79.68,80.0,100.0,3.38,MG,1614525903.0
323,gwembe,-16.4975,27.6069,61.72,97.0,100.0,9.84,ZM,1614525904.0
324,hualmay,-11.0964,-77.6139,77.22,61.0,4.0,6.82,PE,1614525904.0
325,pimenta bueno,-11.6725,-61.1936,80.82,81.0,100.0,3.06,BR,1614525905.0
326,amapa,1.0,-52.0,79.14,85.0,98.0,3.22,BR,1614525905.0
327,xam nua,20.4197,104.0439,63.88,79.0,37.0,2.84,LA,1614525906.0
328,miraflores,19.2167,-98.8083,62.6,42.0,1.0,4.61,MX,1614525906.0
329,la ronge,55.1001,-105.2842,-18.4,69.0,30.0,4.61,CA,1614525907.0
330,karasjok,69.4719,25.5112,41.0,70.0,75.0,16.11,NO,1614525907.0
331,axim,4.8699,-2.2405,83.95,72.0,22.0,9.98,GH,1614525907.0
332,orshanka,56.9161,47.8933,3.79,94.0,94.0,6.11,RU,1614525908.0
333,jibuti,11.5,42.5,78.8,69.0,1.0,5.75,DJ,1614525908.0
334,inhambane,-23.865,35.3833,78.8,61.0,40.0,9.22,MZ,1614525680.0
335,gold coast,-28.0,153.4333,77.0,83.0,100.0,5.75,AU,1614525659.0
336,sept-iles,50.2001,-66.3821,33.8,60.0,40.0,10.36,CA,1614525800.0
337,laguna,38.421,-121.4238,42.8,52.0,1.0,10.36,US,1614525759.0
338,nabire,-3.3667,135.4833,77.16,88.0,92.0,3.4,ID,1614525909.0
339,leningradskiy,69.3833,178.4167,-17.72,97.0,82.0,3.13,RU,1614525910.0
340,baymak,52.5933,58.3225,12.27,95.0,98.0,4.29,RU,1614525910.0
341,islamkot,24.6997,70.177,76.06,41.0,0.0,10.85,PK,1614525911.0
342,guozhen,34.3659,107.359,41.77,66.0,100.0,5.53,CN,1614525911.0
343,kabare,-2.4683,28.8242,73.81,64.0,38.0,2.01,CD,1614525911.0
344,naze,28.3667,129.4833,64.06,83.0,84.0,25.19,JP,1614525912.0
345,bayir,37.2687,28.2167,66.2,39.0,0.0,13.8,TR,1614525912.0
346,pyaozerskiy,65.8333,31.1667,31.71,97.0,12.0,9.22,RU,1614525913.0
347,san carlos de bariloche,-41.1456,-71.3082,68.0,24.0,0.0,11.5,AR,1614525913.0
348,leh,34.1667,77.5833,13.26,60.0,8.0,1.25,IN,1614525913.0
349,karlovac,45.4872,15.5478,50.0,51.0,7.0,1.01,HR,1614525914.0
350,moron,-34.6534,-58.6198,82.0,62.0,95.0,5.01,AR,1614525914.0
351,huntington,38.4193,-82.4452,57.0,100.0,90.0,9.06,US,1614525914.0
352,zunheboto,25.9667,94.5167,55.94,63.0,51.0,2.35,IN,1614525915.0
353,rocha,-34.4833,-54.3333,79.72,59.0,74.0,11.81,UY,1614525915.0
354,kurbnesh,41.7797,20.0836,68.0,19.0,0.0,5.75,AL,1614525916.0
355,zmeyskaya,43.3362,44.1573,37.4,100.0,90.0,2.24,RU,1614525916.0
356,naryan-mar,67.6713,53.087,8.28,95.0,81.0,11.97,RU,1614525916.0
357,paamiut,61.994,-49.6678,25.86,95.0,100.0,21.09,GL,1614525917.0
358,touros,-5.1989,-35.4608,86.0,66.0,40.0,11.5,BR,1614525917.0
359,lucapa,-8.4192,20.7447,78.31,75.0,100.0,5.06,AO,1614525917.0
360,dajal,29.5577,70.3762,66.67,26.0,0.0,7.52,PK,1614525918.0
361,geraldton,-28.7667,114.6,75.2,78.0,98.0,14.97,AU,1614525918.0
362,mahon,39.8885,4.2658,57.2,67.0,40.0,10.36,ES,1614525918.0
363,tazovskiy,67.4667,78.7,-21.55,86.0,96.0,11.12,RU,1614525919.0
364,tsabong,-26.0217,22.401,85.73,26.0,43.0,7.9,BW,1614525919.0
365,namibe,-15.1961,12.1522,80.6,57.0,20.0,17.27,AO,1614525919.0
366,kavaratti,10.5669,72.642,83.08,68.0,0.0,4.0,IN,1614525920.0
367,bossangoa,6.4926,17.4552,102.36,11.0,0.0,7.4,CF,1614525920.0
368,sunrise manor,36.2111,-115.0731,42.8,26.0,1.0,8.05,US,1614525920.0
369,itanagar,27.1,93.6167,59.0,100.0,40.0,2.3,IN,1614525870.0
370,auki,-8.7676,160.7034,77.79,86.0,100.0,9.04,SB,1614525921.0
371,la fleche,47.6982,-0.0755,54.0,58.0,0.0,9.22,FR,1614525921.0
372,general roca,-39.0333,-67.5833,80.6,39.0,0.0,5.75,AR,1614525922.0
373,bathsheba,13.2167,-59.5167,82.4,54.0,40.0,25.32,BB,1614525922.0
374,chicama,-7.8447,-79.1469,71.6,88.0,75.0,6.91,PE,1614525923.0
375,altay,47.8667,88.1167,4.42,76.0,40.0,4.83,CN,1614525923.0
376,sale,34.0389,-6.8166,64.4,72.0,75.0,8.05,MA,1614525923.0
377,tateyama,34.9833,139.8667,50.0,66.0,75.0,2.3,JP,1614525923.0
378,prainha,-1.8,-53.48,87.12,58.0,10.0,5.1,BR,1614525924.0
379,springbok,-29.6643,17.8865,85.48,30.0,35.0,13.89,ZA,1614525924.0
380,faanui,-16.4833,-151.75,82.92,73.0,100.0,8.86,PF,1614525925.0
381,innisfail,-17.5333,146.0333,72.3,95.0,100.0,11.27,AU,1614525925.0
382,bilma,18.6853,12.9164,84.58,6.0,0.0,6.58,NE,1614525925.0
383,weligama,5.9667,80.4167,78.12,80.0,20.0,7.11,LK,1614525926.0
384,lazaro cardenas,17.9583,-102.2,76.71,67.0,0.0,3.74,MX,1614525926.0
385,saint-philippe,-21.3585,55.7679,82.4,65.0,0.0,2.3,RE,1614525927.0
386,ostrogozhsk,50.8664,39.0756,32.43,98.0,99.0,5.46,RU,1614525927.0
387,luanda,-8.8368,13.2343,86.0,62.0,20.0,10.36,AO,1614525653.0
388,aswan,24.0934,32.907,75.27,18.0,0.0,15.1,EG,1614525928.0
389,zhigansk,66.7697,123.3711,-25.01,84.0,100.0,2.55,RU,1614525916.0
390,novopokrovka,49.8425,36.5477,37.0,75.0,75.0,11.18,UA,1614525929.0
391,pitsunda,43.1592,40.3378,42.01,93.0,90.0,4.47,GE,1614525929.0
392,puerto pailas,-17.667,-62.7909,87.8,62.0,75.0,8.05,BO,1614525929.0
393,kisangani,0.5167,25.2,91.4,52.0,20.0,6.91,CD,1614525930.0
394,vondrozo,-22.8167,47.2833,74.66,89.0,73.0,5.39,MG,1614525930.0
395,lyubytino,58.8122,33.3922,31.53,97.0,100.0,2.08,RU,1614525931.0
396,gravelbourg,49.8834,-106.5512,-0.4,78.0,56.0,4.61,CA,1614525931.0
397,artigas,-30.4,-56.4667,86.43,41.0,0.0,13.2,UY,1614525686.0
398,khandyga,62.6667,135.6,-10.37,98.0,100.0,3.76,RU,1614525932.0
399,merauke,-8.4667,140.3333,81.84,82.0,73.0,15.17,ID,1614525932.0
400,samana,19.2056,-69.3369,77.0,83.0,75.0,4.61,DO,1614525933.0
401,huejucar,22.35,-103.2167,62.85,31.0,42.0,1.61,MX,1614525933.0
402,biltine,14.5333,20.9167,97.34,9.0,0.0,7.81,TD,1614525934.0
403,lerwick,60.1545,-1.1494,46.4,81.0,20.0,18.41,GB,1614525934.0
404,onda,39.9667,-0.25,54.0,83.0,86.0,3.0,ES,1614525935.0
405,sulangan,11.1373,123.7228,81.21,79.0,13.0,15.52,PH,1614525935.0
406,chamrajnagar,11.9167,76.95,82.4,36.0,0.0,8.9,IN,1614525935.0
407,putina,-15.4667,-69.4333,48.18,65.0,81.0,6.91,PE,1614525936.0
408,fare,-16.7,-151.0167,82.74,76.0,99.0,12.41,PF,1614525936.0
409,chulman,56.8479,124.9104,-21.12,85.0,99.0,5.28,RU,1614525937.0
410,baykalovo,57.3981,63.7684,-0.18,93.0,100.0,8.99,RU,1614525938.0
411,teeli,51.0333,90.2333,-8.64,84.0,100.0,0.6,RU,1614525938.0
412,zelenogorskiy,55.0333,87.0,-2.2,71.0,40.0,6.71,RU,1614525939.0
413,flinders,-34.5833,150.8552,69.01,87.0,93.0,1.57,AU,1614525940.0
414,coronini,44.68,21.6855,52.0,52.0,0.0,1.99,RS,1614525940.0
415,xuddur,4.1213,43.8894,92.77,18.0,75.0,14.56,SO,1614525941.0
416,mae chan,20.1467,99.8526,69.8,78.0,0.0,4.61,TH,1614525941.0
417,elk city,35.412,-99.4043,42.8,42.0,1.0,20.71,US,1614525942.0
418,tera,14.0078,0.7531,98.69,6.0,12.0,11.86,NE,1614525942.0
419,aguimes,27.9054,-15.4461,68.0,56.0,40.0,20.71,ES,1614525942.0
420,hami,42.8,93.45,27.43,66.0,0.0,2.33,CN,1614525943.0
421,sapucai,-25.6667,-56.9167,87.35,46.0,0.0,6.73,PY,1614525943.0
422,idrinskoye,54.3708,92.1358,-4.25,87.0,100.0,2.84,RU,1614525943.0
423,acapulco,16.8634,-99.8901,78.8,78.0,1.0,3.44,MX,1614525944.0
424,bataipora,-22.2953,-53.2711,82.53,63.0,42.0,6.58,BR,1614525944.0
425,sibolga,1.7427,98.7792,77.97,85.0,60.0,3.42,ID,1614525944.0
426,taurage,55.2522,22.2897,44.1,81.0,48.0,6.62,LT,1614525945.0
427,rio grande,-32.035,-52.0986,82.4,57.0,75.0,20.71,BR,1614525945.0
428,zhigalovo,54.8097,105.1578,-6.97,86.0,100.0,3.15,RU,1614525946.0
429,krasnoselkup,65.7,82.4667,-27.45,83.0,21.0,7.31,RU,1614525946.0
430,udachnyy,66.4167,112.4,-37.1,95.0,67.0,3.38,RU,1614525946.0
431,bogorodskoye,56.55,37.8833,25.97,91.0,90.0,2.51,RU,1614525947.0
432,loa janan,-0.583,117.095,74.66,96.0,100.0,1.57,ID,1614525812.0
433,rawson,-43.3002,-65.1023,79.79,22.0,8.0,8.25,AR,1614525648.0
434,katsuura,35.1333,140.3,50.0,66.0,75.0,2.3,JP,1614525947.0
435,broome,42.2506,-75.833,35.01,86.0,1.0,11.5,US,1614525948.0
436,pervomayskoye,43.919,46.7102,42.82,86.0,100.0,4.47,RU,1614525948.0
437,panuco,22.05,-98.1667,73.4,94.0,90.0,6.64,MX,1614525948.0
438,carutapera,-1.195,-46.02,82.81,80.0,10.0,6.55,BR,1614525949.0
439,alamosa,37.4695,-105.87,19.4,53.0,90.0,9.22,US,1614525949.0
440,dinghai,26.2847,119.7936,57.2,88.0,0.0,2.24,CN,1614525949.0
441,mutsu,41.2894,141.2169,34.39,84.0,7.0,8.88,JP,1614525950.0
442,dubuque,42.4833,-90.8668,41.0,77.0,99.0,4.0,US,1614525950.0
443,sao gabriel da cachoeira,-0.1303,-67.0892,82.4,74.0,20.0,2.3,BR,1614525951.0
444,tshikapa,-6.4167,20.8,82.63,78.0,62.0,1.12,CD,1614525951.0
445,lincoln,40.8,-96.667,37.4,70.0,90.0,23.02,US,1614525604.0
446,murillo,4.8739,-75.1715,68.0,88.0,75.0,2.3,CO,1614525952.0
447,chifeng,42.2683,118.9636,15.94,79.0,100.0,8.75,CN,1614525952.0
448,mae hong son,19.3003,97.9685,71.56,27.0,0.0,1.34,TH,1614525952.0
449,roma,43.2128,-75.4557,39.0,75.0,1.0,5.75,US,1614525868.0
450,vestmanna,62.1564,-7.1664,46.4,100.0,90.0,12.66,FO,1614525953.0
451,atasu,48.6814,71.6433,30.74,98.0,100.0,24.49,KZ,1614525953.0
452,ust-tsilma,65.441,52.1498,8.96,96.0,92.0,4.9,RU,1614525954.0
453,juneau,58.3019,-134.4197,39.2,87.0,90.0,6.91,US,1614525696.0
454,vila,42.0304,-8.1588,66.0,38.0,0.0,10.0,PT,1614525954.0
455,guanica,17.9716,-66.908,82.99,59.0,4.0,5.01,PR,1614525955.0
456,coihaique,-45.5752,-72.0662,56.07,77.0,100.0,7.09,CL,1614525955.0
457,gazanjyk,39.2446,55.5154,51.82,45.0,0.0,3.11,TM,1614525955.0
458,tonantins,-2.8731,-67.8022,84.22,70.0,99.0,0.85,BR,1614525956.0
459,kamenka,51.3223,42.7678,28.0,82.0,100.0,3.15,RU,1614525956.0
460,tilichiki,60.4667,166.1,-17.86,90.0,100.0,18.84,RU,1614525957.0
461,barzas,55.7167,86.3167,-2.2,71.0,40.0,6.71,RU,1614525957.0
462,monrovia,6.3005,-10.7969,82.4,78.0,75.0,4.61,LR,1614525958.0
463,oussouye,12.485,-16.5469,95.0,54.0,0.0,9.22,SN,1614525916.0
464,haines junction,60.7522,-137.5108,24.8,93.0,100.0,2.3,CA,1614525958.0
465,pacific grove,36.6177,-121.9166,44.6,65.0,1.0,8.05,US,1614525958.0
466,la teste-de-buch,44.6287,-1.1406,59.0,51.0,0.0,16.11,FR,1614525959.0
467,yantarnyy,54.8717,19.9381,41.0,81.0,20.0,17.9,RU,1614525959.0
468,harrisonville,38.6533,-94.3488,48.2,66.0,90.0,8.05,US,1614525960.0
469,bodden town,19.2833,-81.25,84.2,65.0,40.0,16.11,KY,1614525960.0
470,mount gambier,-37.8333,140.7667,50.0,93.0,23.0,5.75,AU,1614525960.0
471,norsup,-16.0667,167.3833,78.48,78.0,97.0,7.16,VU,1614525961.0
472,yatou,37.15,122.3833,42.85,92.0,100.0,11.12,CN,1614525961.0
473,ariquemes,-9.9133,-63.0408,76.98,88.0,96.0,4.21,BR,1614525938.0
474,jogindarnagar,31.9833,76.7667,55.99,34.0,0.0,6.58,IN,1614525962.0
475,hede,33.7681,120.2517,51.15,97.0,100.0,7.38,CN,1614525962.0
476,henties bay,-22.116,14.2845,66.99,84.0,18.0,11.01,NA,1614525963.0
477,xai-xai,-25.0519,33.6442,75.65,70.0,100.0,12.73,MZ,1614525963.0
478,santiago del estero,-27.7951,-64.2615,92.39,31.0,0.0,11.86,AR,1614525764.0
479,brewster,41.3973,-73.6171,39.2,75.0,1.0,3.91,US,1614525964.0
480,mildura,-34.2,142.15,68.0,42.0,0.0,8.05,AU,1614525964.0
481,riberalta,-10.9833,-66.1,82.4,78.0,75.0,3.11,BO,1614525964.0
482,altagracia de orituco,9.8601,-66.3814,81.79,49.0,12.0,10.07,VE,1614525965.0
483,along,28.1667,94.7667,59.97,94.0,100.0,0.96,IN,1614525965.0
484,russell,32.3502,-85.1999,70.0,83.0,90.0,10.36,US,1614525966.0
485,tessalit,20.1986,1.0114,90.07,10.0,86.0,19.93,ML,1614525966.0
486,villa maria,-32.4075,-63.2402,92.05,29.0,26.0,12.5,AR,1614525967.0
487,sorong,-0.8833,131.25,82.69,79.0,72.0,11.14,ID,1614525967.0
488,carballo,43.213,-8.691,57.99,63.0,0.0,1.99,ES,1614525968.0
489,nouadhibou,20.931,-17.0347,69.8,52.0,0.0,16.11,MR,1614525968.0
490,mason city,43.1536,-93.201,35.6,87.0,90.0,17.27,US,1614525968.0
491,takaungu,-3.6837,39.8566,82.4,74.0,75.0,11.5,KE,1614525968.0
492,lasa,46.6166,10.7002,60.8,61.0,0.0,4.61,IT,1614525969.0
493,swan hill,-35.3378,143.5544,69.03,36.0,0.0,7.94,AU,1614525969.0
494,pevek,69.7008,170.3133,-24.93,88.0,1.0,2.89,RU,1614525970.0
495,constantine,36.365,6.6147,64.4,42.0,20.0,4.61,DZ,1614525970.0
496,mersing,2.4312,103.8405,78.8,89.0,41.0,6.91,MY,1614525970.0
497,west wendover,40.7391,-114.0733,24.8,50.0,1.0,4.61,US,1614525971.0
498,ryuo,35.65,138.5,37.99,66.0,55.0,0.43,JP,1614525971.0
499,verkhnevilyuysk,63.4453,120.3167,-20.85,85.0,99.0,6.38,RU,1614525971.0
500,antalaha,-14.9003,50.2788,81.01,74.0,38.0,4.63,MG,1614525972.0
501,havre,49.5833,0.3333,50.0,71.0,0.0,12.66,FR,1614525972.0
502,sisimiut,66.9395,-53.6735,13.8,93.0,99.0,7.45,GL,1614525973.0
503,matay,28.419,30.7792,70.36,24.0,0.0,11.86,EG,1614525973.0
504,redmond,47.674,-122.1215,43.0,91.0,100.0,4.16,US,1614525758.0
505,maesteg,51.6093,-3.6582,54.0,68.0,28.0,4.0,GB,1614525973.0
506,vangaindrano,-23.35,47.6,81.21,82.0,53.0,7.76,MG,1614525974.0
507,tabou,4.423,-7.3528,82.72,75.0,64.0,8.81,CI,1614525974.0
508,roald,62.5833,6.1333,46.99,76.0,75.0,25.32,NO,1614525975.0
509,campobello di mazara,37.6358,12.7443,60.8,77.0,20.0,10.36,IT,1614525975.0
510,bemidji,47.4736,-94.8803,6.8,85.0,75.0,11.5,US,1614525935.0
511,kushima,31.4583,131.2333,55.0,87.0,92.0,11.01,JP,1614525975.0
512,plettenberg bay,-34.0527,23.3716,75.67,71.0,0.0,22.66,ZA,1614525955.0
513,port blair,11.6667,92.75,79.2,63.0,0.0,4.14,IN,1614525976.0
514,lima,-12.0432,-77.0282,78.8,65.0,0.0,9.22,PE,1614525898.0
515,garowe,8.4054,48.4845,86.41,24.0,47.0,15.86,SO,1614525977.0
516,richards bay,-28.783,32.0377,74.35,64.0,0.0,7.78,ZA,1614525977.0
517,somerset,40.5668,-74.5496,43.0,70.0,90.0,4.61,US,1614525815.0
518,la peca,-5.6111,-78.435,69.19,94.0,100.0,2.82,PE,1614525978.0
519,severo-yeniseyskiy,60.3725,93.0408,-16.56,90.0,100.0,3.04,RU,1614525978.0
520,seminole,28.7086,-81.2081,80.01,65.0,20.0,12.66,US,1614525978.0
521,tricase,39.9304,18.3553,59.0,44.0,0.0,17.27,IT,1614525979.0
522,faridkot,30.6667,74.75,64.4,25.0,0.0,5.68,IN,1614525979.0
523,cayenne,4.9333,-52.3333,84.2,70.0,75.0,13.8,GF,1614525979.0
524,ishigaki,24.3448,124.1572,70.11,75.0,5.0,4.7,JP,1614525980.0
525,baghdad,33.3406,44.4009,57.2,51.0,75.0,9.22,IQ,1614525776.0
526,kasongo-lunda,-6.4667,16.8167,89.11,54.0,13.0,4.09,CD,1614525980.0
527,chinsali,-10.5414,32.0816,77.25,74.0,35.0,0.94,ZM,1614525980.0
528,general artigas,-26.9333,-56.2167,87.8,51.0,0.0,5.75,PY,1614525853.0
529,kantang,7.4054,99.5156,76.17,75.0,0.0,2.28,TH,1614525981.0
